80be25,::1,GET,http://localhost/projet-wf3-v2/web/index_dev.php/,1506276526,,200
0974bf,::1,GET,http://localhost/projet-wf3-v2/web/index_dev.php/user/profil/44,1506276533,,500
8519d8,::1,GET,http://localhost/projet-wf3-v2/web/index_dev.php/user/profil/44,1506276936,,500
5a9a11,::1,GET,http://localhost/projet-wf3-v2/web/index_dev.php/,1506276950,,200
e24930,::1,GET,http://localhost/projet-wf3-v2/web/index_dev.php/user/profil/44,1506276953,,500
96e628,::1,GET,http://localhost/projet-wf3-v2/web/index_dev.php/user/profil/44,1506277079,,200
f46126,::1,GET,http://localhost/projet-wf3-v2/web/index_dev.php/,1506277101,,200
c31f40,::1,GET,http://localhost/projet-wf3-v2/web/index_dev.php/single_annonce/3,1506277114,,200
5105ae,::1,GET,http://localhost/projet-wf3-v2/web/index_dev.php/single_annonce/assets/images/feature-posts/feature-post8.png,1506277114,,404
3597d4,::1,GET,http://localhost/projet-wf3-v2/web/index_dev.php/single_annonce/assets/images/post/author.png,1506277115,,404
0443d9,::1,GET,http://localhost/projet-wf3-v2/web/index_dev.php/single_annonce/assets/images/feature-posts/feature-post6.png,1506277115,,404
582009,::1,GET,http://localhost/projet-wf3-v2/web/index_dev.php/single_annonce/assets/images/post/post-2.jpg,1506277115,,404
2ff60e,::1,GET,http://localhost/projet-wf3-v2/web/index_dev.php/single_annonce/assets/images/post/related-post1.png,1506277115,,404
4b7e43,::1,GET,http://localhost/projet-wf3-v2/web/index_dev.php/single_annonce/assets/images/post/related-post2.png,1506277115,,404
ba17c5,::1,GET,http://localhost/projet-wf3-v2/web/index_dev.php/single_annonce/assets/images/feature-posts/feature-post1.png,1506277118,,404
1ba014,::1,GET,http://localhost/projet-wf3-v2/web/index_dev.php/,1506277126,,200
33c869,::1,GET,http://localhost/projet-wf3-v2/web/index_dev.php/,1506277414,,200
af2233,::1,GET,http://localhost/projet-wf3-v2/web/index_dev.php/chronique/Sport,1506277422,,200
2fe532,::1,GET,http://localhost/projet-wf3-v2/web/index_dev.php/chronique/assets/images/post/m1.jpg,1506277422,,404
a7631e,::1,GET,http://localhost/projet-wf3-v2/web/index_dev.php/chronique/Sortie,1506277424,,200
b46f4e,::1,GET,http://localhost/projet-wf3-v2/web/index_dev.php/user/profil/44,1506277427,,200
355a96,::1,GET,http://localhost/projet-wf3-v2/web/index_dev.php/user/profil/author.html,1506277647,,404
cc9d35,::1,GET,http://localhost/projet-wf3-v2/web/index_dev.php/user/profil/author.html,1506277748,,404
552982,::1,GET,http://localhost/projet-wf3-v2/web/index_dev.php/user/profil/44,1506277818,,200
c62ef3,::1,GET,http://localhost/projet-wf3-v2/web/index_dev.php/user/profil/author.html,1506277820,,404
051390,::1,GET,http://localhost/projet-wf3-v2/web/index_dev.php/user/updateProfil,1506277827,,200
218b3b,::1,GET,http://localhost/projet-wf3-v2/web/index_dev.php/user/profil/44,1506277986,,200
56cec9,::1,GET,http://localhost/projet-wf3-v2/web/index_dev.php/user/profil/44,1506278161,,200
baf123,::1,GET,http://localhost/projet-wf3-v2/web/index_dev.php/user/profil/44,1506278247,,200
e67713,::1,GET,http://localhost/projet-wf3-v2/web/index_dev.php/user/profil/44,1506278265,,200
7727d5,::1,GET,http://localhost/projet-wf3-v2/web/index_dev.php/user/profil/44,1506278511,,200
d2d455,::1,GET,http://localhost/projet-wf3-v2/web/index_dev.php/user/profil/44,1506278614,,200
d58f4a,::1,GET,http://localhost/projet-wf3-v2/web/index_dev.php/user/profil/44,1506278695,,200
30e265,::1,GET,http://localhost/projet-wf3-v2/web/index_dev.php/user/profil/44,1506278731,,200
7d27fa,::1,GET,http://localhost/projet-wf3-v2/web/index_dev.php/user/profil/44,1506279478,,200
5be7c9,::1,GET,http://localhost/projet-wf3-v2/web/index_dev.php/user/profil/44,1506279630,,200
5ad336,::1,GET,http://localhost/projet-wf3-v2/web/index_dev.php/single_annonce/3,1506279638,,200
dd7e6f,::1,GET,http://localhost/projet-wf3-v2/web/index_dev.php/single_annonce/assets/images/feature-posts/feature-post8.png,1506279639,,404
e05ed5,::1,GET,http://localhost/projet-wf3-v2/web/index_dev.php/single_annonce/assets/images/post/author.png,1506279639,,404
063b9e,::1,GET,http://localhost/projet-wf3-v2/web/index_dev.php/single_annonce/assets/images/feature-posts/feature-post6.png,1506279639,,404
90df2e,::1,GET,http://localhost/projet-wf3-v2/web/index_dev.php/single_annonce/assets/images/post/post-2.jpg,1506279639,,404
154b80,::1,GET,http://localhost/projet-wf3-v2/web/index_dev.php/single_annonce/assets/images/feature-posts/feature-post1.png,1506279639,,404
8d9a23,::1,GET,http://localhost/projet-wf3-v2/web/index_dev.php/single_annonce/assets/images/post/related-post2.png,1506279639,,404
f0e028,::1,GET,http://localhost/projet-wf3-v2/web/index_dev.php/single_annonce/assets/images/post/related-post3.png,1506279639,,404
8524bf,::1,GET,http://localhost/projet-wf3-v2/web/index_dev.php/single_annonce/assets/images/post/related-post1.png,1506279639,,404
193fbe,::1,GET,http://localhost/projet-wf3-v2/web/index_dev.php/user/profil/44,1506279769,,200
d62f01,::1,GET,http://localhost/projet-wf3-v2/web/index_dev.php/user/profil/44,1506279825,,200
180ccb,::1,GET,http://localhost/projet-wf3-v2/web/index_dev.php/user/profil/44,1506279856,,200
cdd539,::1,GET,http://localhost/projet-wf3-v2/web/index_dev.php/user/profil/44,1506279883,,200
a5bcfa,::1,GET,http://localhost/projet-wf3-v2/web/index_dev.php/single_annonce/2,1506279897,,200
2225ee,::1,GET,http://localhost/projet-wf3-v2/web/index_dev.php/single_annonce/assets/images/post/author.png,1506279898,,404
31ca17,::1,GET,http://localhost/projet-wf3-v2/web/index_dev.php/single_annonce/assets/images/feature-posts/feature-post8.png,1506279898,,404
8bb118,::1,GET,http://localhost/projet-wf3-v2/web/index_dev.php/single_annonce/assets/images/post/post-2.jpg,1506279898,,404
9d6401,::1,GET,http://localhost/projet-wf3-v2/web/index_dev.php/single_annonce/assets/images/feature-posts/feature-post6.png,1506279898,,404
3316db,::1,GET,http://localhost/projet-wf3-v2/web/index_dev.php/user/profil/44,1506279929,,200
3d76ee,::1,GET,http://localhost/projet-wf3-v2/web/index_dev.php/user/profil/44,1506280005,,200
3fc61e,::1,GET,http://localhost/projet-wf3-v2/web/index_dev.php/user/profil/44,1506280048,,200
96a29a,::1,GET,http://localhost/projet-wf3-v2/web/index_dev.php/user/profil/44,1506280192,,200
058f9e,::1,GET,http://localhost/projet-wf3-v2/web/index_dev.php/user/profil/44,1506280197,,200
99ba74,::1,GET,http://localhost/projet-wf3-v2/web/index_dev.php/user/profil/44,1506280234,,200
1bd76c,::1,GET,http://localhost/projet-wf3-v2/web/index_dev.php/user/profil/44,1506280277,,200
b7f4d2,::1,GET,http://localhost/projet-wf3-v2/web/index_dev.php/user/profil/44,1506280290,,200
e79e5a,::1,GET,http://localhost/projet-wf3-v2/web/index_dev.php/single_annonce/2,1506280329,,200
336bf6,::1,GET,http://localhost/projet-wf3-v2/web/index_dev.php/single_annonce/assets/images/feature-posts/feature-post1.png,1506280330,,404
53f1b4,::1,GET,http://localhost/projet-wf3-v2/web/index_dev.php/single_annonce/2,1506280508,,200
4e8be1,::1,GET,http://localhost/projet-wf3-v2/web/index_dev.php/single_annonce/assets/images/feature-posts/feature-post8.png,1506280508,,404
7b2ed8,::1,GET,http://localhost/projet-wf3-v2/web/index_dev.php/single_annonce/assets/images/post/post-2.jpg,1506280508,,404
3ce380,::1,GET,http://localhost/projet-wf3-v2/web/index_dev.php/single_annonce/assets/images/feature-posts/feature-post6.png,1506280508,,404
94f6cc,::1,GET,http://localhost/projet-wf3-v2/web/index_dev.php/single_annonce/assets/images/feature-posts/feature-post1.png,1506280508,,404
1e2e6d,::1,GET,http://localhost/projet-wf3-v2/web/index_dev.php/single_annonce/assets/images/post/author.png,1506280508,,404
8e1d2a,::1,GET,http://localhost/projet-wf3-v2/web/index_dev.php/single_annonce/assets/images/post/related-post2.png,1506280508,,404
f6c36d,::1,GET,http://localhost/projet-wf3-v2/web/index_dev.php/user/profil/44,1506280531,,200
0ecfb6,::1,GET,http://localhost/projet-wf3-v2/web/index_dev.php/user/profil/44,1506280536,,200
8d85c8,::1,GET,http://localhost/projet-wf3-v2/web/index_dev.php/single_chronique/2,1506280545,,200
f99393,::1,GET,http://localhost/projet-wf3-v2/web/index_dev.php/single_chronique/assets/images/post/post-2.jpg,1506280546,,404
9d7f27,::1,GET,http://localhost/projet-wf3-v2/web/index_dev.php/single_chronique/assets/images/post/author.png,1506280545,,404
185334,::1,GET,http://localhost/projet-wf3-v2/web/index_dev.php/single_chronique/assets/images/feature-posts/feature-post8.png,1506280546,,404
fb56a1,::1,GET,http://localhost/projet-wf3-v2/web/index_dev.php/single_chronique/assets/images/feature-posts/feature-post1.png,1506280546,,404
f49e7e,::1,GET,http://localhost/projet-wf3-v2/web/index_dev.php/single_chronique/assets/images/feature-posts/feature-post6.png,1506280546,,404
6d9243,::1,GET,http://localhost/projet-wf3-v2/web/index_dev.php/user/profil/44,1506280553,,200
5be162,::1,GET,http://localhost/projet-wf3-v2/web/index_dev.php/single_chronique/2,1506280560,,200
55d0fc,::1,GET,http://localhost/projet-wf3-v2/web/index_dev.php/single_chronique/assets/images/post/author.png,1506280560,,404
979111,::1,GET,http://localhost/projet-wf3-v2/web/index_dev.php/single_chronique/assets/images/feature-posts/feature-post1.png,1506280560,,404
210ed0,::1,GET,http://localhost/projet-wf3-v2/web/index_dev.php/single_chronique/assets/images/feature-posts/feature-post8.png,1506280560,,404
c0796e,::1,GET,http://localhost/projet-wf3-v2/web/index_dev.php/single_chronique/assets/images/feature-posts/feature-post6.png,1506280560,,404
e33e57,::1,GET,http://localhost/projet-wf3-v2/web/index_dev.php/single_chronique/assets/images/post/post-2.jpg,1506280560,,404
c7b5cb,::1,GET,http://localhost/projet-wf3-v2/web/index_dev.php/single_chronique/assets/images/post/related-post3.png,1506280560,,404
b4cb32,::1,GET,http://localhost/projet-wf3-v2/web/index_dev.php/single_chronique/assets/images/post/related-post1.png,1506280560,,404
443721,::1,GET,http://localhost/projet-wf3-v2/web/index_dev.php/single_annonce/2,1506280571,,200
9d9982,::1,GET,http://localhost/projet-wf3-v2/web/index_dev.php/single_annonce/assets/images/feature-posts/feature-post1.png,1506280572,,404
c1a413,::1,GET,http://localhost/projet-wf3-v2/web/index_dev.php/single_annonce/assets/images/feature-posts/feature-post6.png,1506280572,,404
670c25,::1,GET,http://localhost/projet-wf3-v2/web/index_dev.php/single_annonce/assets/images/post/author.png,1506280572,,404
98cb74,::1,GET,http://localhost/projet-wf3-v2/web/index_dev.php/single_annonce/assets/images/feature-posts/feature-post8.png,1506280572,,404
03dec5,::1,GET,http://localhost/projet-wf3-v2/web/index_dev.php/single_annonce/assets/images/post/post-2.jpg,1506280572,,404
a526d3,::1,GET,http://localhost/projet-wf3-v2/web/index_dev.php/single_annonce/assets/images/post/related-post3.png,1506280572,,404
25ca35,::1,GET,http://localhost/projet-wf3-v2/web/index_dev.php/single_annonce/assets/images/post/related-post2.png,1506280572,,404
f9383c,::1,GET,http://localhost/projet-wf3-v2/web/index_dev.php/user/profil/44,1506283113,,200
0f1aed,::1,GET,http://localhost/projet-wf3-v2/web/index_dev.php/user/profil/44,1506283166,,200
362d15,::1,GET,http://localhost/projet-wf3-v2/web/index_dev.php/user/profil/44,1506283363,,200
c32e2e,::1,GET,http://localhost/projet-wf3-v2/web/index_dev.php/user/profil/44,1506283416,,200
ec58d3,::1,GET,http://localhost/projet-wf3-v2/web/index_dev.php/user/profil/44,1506283441,,200
ab091a,::1,GET,http://localhost/projet-wf3-v2/web/index_dev.php/user/profil/44,1506283549,,200
87dc6e,::1,GET,http://localhost/projet-wf3-v2/web/index_dev.php/user/profil/44,1506283556,,200
96ebca,::1,GET,http://localhost/projet-wf3-v2/web/index_dev.php/user/profil/44,1506283569,,200
597b04,::1,GET,http://localhost/projet-wf3-v2/web/index_dev.php/user/profil/44,1506283626,,200
b2fc49,::1,GET,http://localhost/projet-wf3-v2/web/index_dev.php/user/profil/44,1506283626,,200
426a07,::1,GET,http://localhost/projet-wf3-v2/web/index_dev.php/user/profil/44,1506283643,,200
59abb0,::1,GET,http://localhost/projet-wf3-v2/web/index_dev.php/user/profil/44,1506283672,,200
e17221,::1,GET,http://localhost/projet-wf3-v2/web/index_dev.php/user/updateProfil,1506284003,,200
5c626d,::1,GET,http://localhost/projet-wf3-v2/web/index_dev.php/single_annonce/1%7D,1506284009,,404
1b288b,::1,GET,http://localhost/projet-wf3-v2/web/index_dev.php/single_annonce/1%7D,1506284019,,404
1a30c0,::1,GET,http://localhost/projet-wf3-v2/web/index_dev.php/single_annonce/1,1506284026,,200
1de938,::1,GET,http://localhost/projet-wf3-v2/web/index_dev.php/single_annonce/assets/images/post/author.png,1506284026,,404
adde81,::1,GET,http://localhost/projet-wf3-v2/web/index_dev.php/single_annonce/assets/images/feature-posts/feature-post6.png,1506284026,,404
295a86,::1,GET,http://localhost/projet-wf3-v2/web/index_dev.php/single_annonce/assets/images/post/post-2.jpg,1506284026,,404
8fba27,::1,GET,http://localhost/projet-wf3-v2/web/index_dev.php/single_annonce/assets/images/feature-posts/feature-post1.png,1506284026,,404
e6536b,::1,GET,http://localhost/projet-wf3-v2/web/index_dev.php/single_annonce/assets/images/feature-posts/feature-post8.png,1506284026,,404
8e344f,::1,GET,http://localhost/projet-wf3-v2/web/index_dev.php/single_annonce/assets/images/post/related-post1.png,1506284027,,404
61853b,::1,GET,http://localhost/projet-wf3-v2/web/index_dev.php/single_annonce/assets/images/post/related-post2.png,1506284027,,404
467836,::1,GET,http://localhost/projet-wf3-v2/web/index_dev.php/single_annonce/assets/images/post/related-post3.png,1506284027,,404
ad056f,::1,GET,http://localhost/projet-wf3-v2/web/index_dev.php/user/profil/44,1506284250,,200
1cc96b,::1,GET,http://localhost/projet-wf3-v2/web/index_dev.php/user/profil/44,1506284292,,200
77fc21,::1,GET,http://localhost/projet-wf3-v2/web/index_dev.php/user/profil/44,1506284305,,200
d644b9,::1,GET,http://localhost/projet-wf3-v2/web/index_dev.php/user/profil/44,1506284392,,200
7e9942,::1,GET,http://localhost/projet-wf3-v2/web/index_dev.php/user/profil/44,1506286925,,500
11bdce,::1,GET,http://localhost/projet-wf3-v2/web/index_dev.php/user/profil/44,1506287653,,500
8b7e61,::1,GET,http://localhost/projet-wf3-v2/web/index_dev.php/user/profil/44,1506287756,,500
795517,::1,GET,http://localhost/projet-wf3-v2/web/index_dev.php/user/profil/44,1506287887,,500
66c413,::1,GET,http://localhost/projet-wf3-v2/web/index_dev.php/user/profil/44,1506288004,,500
85c481,::1,GET,http://localhost/projet-wf3-v2/web/index_dev.php/user/profil/44,1506288021,,500
a0971d,::1,GET,http://localhost/projet-wf3-v2/web/index_dev.php/user/profil/44,1506288104,,500
3e31cf,::1,GET,http://localhost/projet-wf3-v2/web/index_dev.php/user/profil/44,1506288151,,500
cc699b,::1,GET,http://localhost/projet-wf3-v2/web/index_dev.php/user/profil/44,1506288185,,500
dfdbf4,::1,GET,http://localhost/projet-wf3-v2/web/index_dev.php/single_annonce/assets/images/post/post-2.jpg,1506288193,,404
e752d7,::1,GET,http://localhost/projet-wf3-v2/web/index_dev.php/single_annonce/assets/images/post/related-post1.png,1506288194,,404
c1fe64,::1,GET,http://localhost/projet-wf3-v2/web/index_dev.php/single_annonce/assets/images/feature-posts/feature-post1.png,1506288194,,404
61aeaa,::1,GET,http://localhost/projet-wf3-v2/web/index_dev.php/single_annonce/assets/images/feature-posts/feature-post8.png,1506288194,,404
21bcb7,::1,GET,http://localhost/projet-wf3-v2/web/index_dev.php/single_annonce/assets/images/feature-posts/feature-post6.png,1506288194,,404
f29c18,::1,GET,http://localhost/projet-wf3-v2/web/index_dev.php/single_annonce/assets/images/post/related-post3.png,1506288197,,404
493148,::1,GET,http://localhost/projet-wf3-v2/web/index_dev.php/user/profil/44,1506288222,,200
b794f9,::1,GET,http://localhost/projet-wf3-v2/web/index_dev.php/user/profil/44,1506288238,,200
5dd52c,::1,GET,http://localhost/projet-wf3-v2/web/index_dev.php/user/profil/44,1506288334,,200
b0b269,::1,GET,http://localhost/projet-wf3-v2/web/index_dev.php/single_chronique/3,1506288345,,200
c1522e,::1,GET,http://localhost/projet-wf3-v2/web/index_dev.php/single_chronique/assets/images/post/author.png,1506288346,,404
fcabca,::1,GET,http://localhost/projet-wf3-v2/web/index_dev.php/single_chronique/assets/images/feature-posts/feature-post8.png,1506288346,,404
d2c740,::1,GET,http://localhost/projet-wf3-v2/web/index_dev.php/single_chronique/assets/images/feature-posts/feature-post6.png,1506288346,,404
f765a5,::1,GET,http://localhost/projet-wf3-v2/web/index_dev.php/single_chronique/assets/images/post/post-2.jpg,1506288346,,404
ba2641,::1,GET,http://localhost/projet-wf3-v2/web/index_dev.php/single_chronique/assets/images/feature-posts/feature-post1.png,1506288349,,404
a645d5,::1,GET,http://localhost/projet-wf3-v2/web/index_dev.php/user/profil/44,1506288449,,500
e958fc,::1,GET,http://localhost/projet-wf3-v2/web/index_dev.php/user/profil/44,1506288839,,500
0fe012,::1,GET,http://localhost/projet-wf3-v2/web/index_dev.php/user/profil/44,1506289136,,500
c9a954,::1,GET,http://localhost/projet-wf3-v2/web/index_dev.php/user/profil/44,1506289315,,500
7ea816,::1,GET,http://localhost/projet-wf3-v2/web/index_dev.php/user/profil/44,1506289345,,500
76a9f9,::1,GET,http://localhost/projet-wf3-v2/web/index_dev.php/user/profil/44,1506289827,,200
ec98d5,::1,GET,http://localhost/projet-wf3-v2/web/index_dev.php/user/profil/44,1506289895,,200
d5362b,::1,GET,http://localhost/projet-wf3-v2/web/index_dev.php/single_annonce/2,1506289924,,200
06f3e5,::1,GET,http://localhost/projet-wf3-v2/web/index_dev.php/single_annonce/assets/images/post/post-2.jpg,1506289925,,404
4d4b1c,::1,GET,http://localhost/projet-wf3-v2/web/index_dev.php/single_annonce/assets/images/feature-posts/feature-post1.png,1506289925,,404
9aa525,::1,GET,http://localhost/projet-wf3-v2/web/index_dev.php/single_annonce/assets/images/feature-posts/feature-post8.png,1506289925,,404
d223a9,::1,GET,http://localhost/projet-wf3-v2/web/index_dev.php/single_annonce/assets/images/post/author.png,1506289925,,404
b33c18,::1,GET,http://localhost/projet-wf3-v2/web/index_dev.php/single_annonce/assets/images/feature-posts/feature-post6.png,1506289925,,404
c89e9c,::1,GET,http://localhost/projet-wf3-v2/web/index_dev.php/single_annonce/assets/images/post/related-post1.png,1506289925,,404
aedc3d,::1,GET,http://localhost/projet-wf3-v2/web/index_dev.php/single_annonce/assets/images/post/related-post2.png,1506289925,,404
11e9bb,::1,GET,http://localhost/projet-wf3-v2/web/index_dev.php/single_annonce/assets/images/post/related-post3.png,1506289925,,404
e230a9,::1,GET,http://localhost/projet-wf3-v2/web/index_dev.php/user/profil/37,1506289937,,500
51c456,::1,GET,http://localhost/projet-wf3-v2/web/index_dev.php/user/profil/44,1506290513,,500
8cf50d,::1,GET,http://localhost/projet-wf3-v2/web/index_dev.php/user/profil/44,1506290588,,500
f103a1,::1,GET,http://localhost/projet-wf3-v2/web/index_dev.php/user/profil/44,1506290612,,500
e9edc3,::1,GET,http://localhost/projet-wf3-v2/web/index_dev.php/user/profil/44,1506290657,,500
43735f,::1,GET,http://localhost/projet-wf3-v2/web/index_dev.php/user/profil/44,1506290781,,500
671616,::1,GET,http://localhost/projet-wf3-v2/web/index_dev.php/user/profil/44,1506290871,,500
8aaaa8,::1,GET,http://localhost/projet-wf3-v2/web/index_dev.php/user/profil/44,1506290945,,500
f25d13,::1,GET,http://localhost/projet-wf3-v2/web/index_dev.php/user/profil/44,1506290976,,500
8a7988,::1,GET,http://localhost/projet-wf3-v2/web/index_dev.php/user/profil/44,1506290987,,500
b3397c,::1,GET,http://localhost/projet-wf3-v2/web/index_dev.php/user/profil/44,1506291096,,200
756f85,::1,GET,http://localhost/projet-wf3-v2/web/index_dev.php/user/profil/44,1506291219,,200
152ae7,::1,GET,http://localhost/projet-wf3-v2/web/index_dev.php/user/profil/44,1506291806,,200
84a1eb,::1,GET,http://localhost/projet-wf3-v2/web/index_dev.php/user/profil/44,1506326228,,500
242947,::1,GET,http://localhost/projet-wf3-v2/web/index_dev.php/user/profil/44,1506326363,,500
958795,::1,GET,http://localhost/projet-wf3-v2/web/index_dev.php/user/profil/44,1506326456,,500
16721c,::1,GET,http://localhost/projet-wf3-v2/web/index_dev.php/user/profil/44,1506326501,,500
2bfe50,::1,GET,http://localhost/projet-wf3-v2/web/index_dev.php/user/profil/44,1506326857,,200
2b0c54,::1,GET,http://localhost/projet-wf3-v2/web/index_dev.php/user/profil/44,1506327595,,200
492171,::1,GET,http://localhost/projet-wf3-v2/web/index_dev.php/user/profil/44,1506327693,,200
3411c5,::1,GET,http://localhost/projet-wf3-v2/web/index_dev.php/user/profil/44,1506327848,,200
c4feab,::1,GET,http://localhost/projet-wf3-v2/web/index_dev.php/deconnexion,1506328062,,302
6549f9,::1,GET,http://localhost/projet-wf3-v2/web/index_dev.php/,1506328062,,200
617a88,::1,GET,http://localhost/projet-wf3-v2/web/index_dev.php/messProfilToUs,1506328064,,200
c45bed,::1,GET,http://localhost/projet-wf3-v2/web/index_dev.php/connexion,1506328074,,200
d5fa5c,::1,POST,http://localhost/projet-wf3-v2/web/index_dev.php/connexion,1506328178,,302
24f2f7,::1,GET,http://localhost/projet-wf3-v2/web/index_dev.php/,1506328179,,200
54c415,::1,GET,http://localhost/projet-wf3-v2/web/index_dev.php/user/profil/44,1506328181,,200
3ab590,::1,GET,http://localhost/projet-wf3-v2/web/index_dev.php/single_annonce/2,1506328198,,200
49d695,::1,GET,http://localhost/projet-wf3-v2/web/index_dev.php/single_annonce/assets/images/feature-posts/feature-post1.png,1506328198,,404
e1b4dd,::1,GET,http://localhost/projet-wf3-v2/web/index_dev.php/single_annonce/assets/images/post/post-2.jpg,1506328198,,404
03660b,::1,GET,http://localhost/projet-wf3-v2/web/index_dev.php/single_annonce/assets/images/post/author.png,1506328198,,404
418037,::1,GET,http://localhost/projet-wf3-v2/web/index_dev.php/single_annonce/assets/images/feature-posts/feature-post6.png,1506328198,,404
69d834,::1,GET,http://localhost/projet-wf3-v2/web/index_dev.php/single_annonce/assets/images/post/related-post1.png,1506328198,,404
e7cc00,::1,GET,http://localhost/projet-wf3-v2/web/index_dev.php/single_annonce/assets/images/post/related-post3.png,1506328198,,404
ca892e,::1,GET,http://localhost/projet-wf3-v2/web/index_dev.php/single_annonce/assets/images/post/related-post2.png,1506328198,,404
4b8a7b,::1,GET,http://localhost/projet-wf3-v2/web/index_dev.php/single_annonce/3,1506328212,,200
e81690,::1,GET,http://localhost/projet-wf3-v2/web/index_dev.php/single_annonce/assets/images/feature-posts/feature-post1.png,1506328212,,404
c97e42,::1,GET,http://localhost/projet-wf3-v2/web/index_dev.php/single_annonce/assets/images/feature-posts/feature-post8.png,1506328212,,404
ab6d42,::1,GET,http://localhost/projet-wf3-v2/web/index_dev.php/single_annonce/assets/images/feature-posts/feature-post6.png,1506328212,,404
ecea83,::1,GET,http://localhost/projet-wf3-v2/web/index_dev.php/single_annonce/assets/images/post/post-2.jpg,1506328212,,404
187402,::1,GET,http://localhost/projet-wf3-v2/web/index_dev.php/single_annonce/2,1506328221,,200
ac4616,::1,GET,http://localhost/projet-wf3-v2/web/index_dev.php/single_annonce/assets/images/post/author.png,1506328222,,404
cff38d,::1,GET,http://localhost/projet-wf3-v2/web/index_dev.php/single_annonce/assets/images/post/post-2.jpg,1506328222,,404
a8d4e6,::1,GET,http://localhost/projet-wf3-v2/web/index_dev.php/single_annonce/assets/images/feature-posts/feature-post1.png,1506328222,,404
a165f9,::1,GET,http://localhost/projet-wf3-v2/web/index_dev.php/single_annonce/assets/images/feature-posts/feature-post8.png,1506328222,,404
ea2a1c,::1,GET,http://localhost/projet-wf3-v2/web/index_dev.php/single_annonce/assets/images/feature-posts/feature-post6.png,1506328222,,404
997644,::1,GET,http://localhost/projet-wf3-v2/web/index_dev.php/single_annonce/assets/images/post/related-post2.png,1506328222,,404
bd6cf2,::1,GET,http://localhost/projet-wf3-v2/web/index_dev.php/single_annonce/assets/images/post/related-post1.png,1506328222,,404
1c5a3b,::1,GET,http://localhost/projet-wf3-v2/web/index_dev.php/user/profil/44,1506328229,,200
c279e8,::1,GET,http://localhost/projet-wf3-v2/web/index_dev.php/user/profil/44,1506328285,,200
7f9cf6,::1,GET,http://localhost/projet-wf3-v2/web/index_dev.php/user/profil/44,1506328321,,200
04b539,::1,GET,http://localhost/projet-wf3-v2/web/index_dev.php/user/profil/44,1506328356,,200
d80236,::1,GET,http://localhost/projet-wf3-v2/web/index_dev.php/user/profil/44,1506328939,,200
8032ab,::1,GET,http://localhost/projet-wf3-v2/web/index_dev.php/user/profil/44,1506328998,,200
c2fbdb,::1,GET,http://localhost/projet-wf3-v2/web/index_dev.php/user/profil/45,1506329245,,500
3092c4,::1,GET,http://localhost/projet-wf3-v2/web/index_dev.php/user/profil/45,1506329295,,200
641942,::1,GET,http://localhost/projet-wf3-v2/web/index_dev.php/user/profil/45,1506329530,,200
9806d3,::1,GET,http://localhost/projet-wf3-v2/web/index_dev.php/user/profil/44,1506329544,,200
3ce9bd,::1,GET,http://localhost/projet-wf3-v2/web/index_dev.php/user/profil/44,1506329547,,200
e6aa32,::1,GET,http://localhost/projet-wf3-v2/web/index_dev.php/user/profil/44,1506329554,,200
e7d693,::1,GET,http://localhost/projet-wf3-v2/web/index_dev.php/user/updateProfil,1506329609,,200
db8af3,::1,GET,http://localhost/projet-wf3-v2/web/index_dev.php/user/profil/44,1506329613,,200
fe215d,::1,GET,http://localhost/projet-wf3-v2/web/index_dev.php/user/updateProfil,1506329615,,200
b730f0,::1,GET,http://localhost/projet-wf3-v2/web/index_dev.php/user/profil/44,1506329635,,200
39d56b,::1,GET,http://localhost/projet-wf3-v2/web/index_dev.php/user/profil/44,1506329648,,200
d6f783,::1,GET,http://localhost/projet-wf3-v2/web/index_dev.php/user/profil/44,1506329739,,200
a1b7f9,::1,GET,http://localhost/projet-wf3-v2/web/index_dev.php/user/profil/44,1506329826,,200
b38a4e,::1,GET,http://localhost/projet-wf3-v2/web/index_dev.php/single_chronique/2,1506329909,,200
51c872,::1,GET,http://localhost/projet-wf3-v2/web/index_dev.php/single_chronique/assets/images/feature-posts/feature-post1.png,1506329910,,404
35b530,::1,GET,http://localhost/projet-wf3-v2/web/index_dev.php/single_chronique/assets/images/post/author.png,1506329910,,404
cab605,::1,GET,http://localhost/projet-wf3-v2/web/index_dev.php/single_chronique/assets/images/feature-posts/feature-post8.png,1506329910,,404
d32007,::1,GET,http://localhost/projet-wf3-v2/web/index_dev.php/user/profil/44,1506330024,,200
239e94,::1,GET,http://localhost/projet-wf3-v2/web/index_dev.php/user/profil/44,1506330082,,200
d7811b,::1,GET,http://localhost/projet-wf3-v2/web/index_dev.php/user/profil/44,1506330116,,200
62e458,::1,GET,http://localhost/projet-wf3-v2/web/index_dev.php/user/profil/44,1506330156,,200
8d04c7,::1,GET,http://localhost/projet-wf3-v2/web/index_dev.php/user/updateProfil,1506330172,,200
c4bed6,::1,GET,http://localhost/projet-wf3-v2/web/index_dev.php/user/profil/44,1506330593,,200
17c9d9,::1,GET,http://localhost/projet-wf3-v2/web/index_dev.php/user/profil/44,1506330634,,200
52449b,::1,GET,http://localhost/projet-wf3-v2/web/index_dev.php/user/profil/44,1506330654,,200
d5e338,::1,GET,http://localhost/projet-wf3-v2/web/index_dev.php/user/profil/44,1506330708,,200
016547,::1,GET,http://localhost/projet-wf3-v2/web/index_dev.php/user/updateProfil,1506330736,,200
45a226,::1,GET,http://localhost/projet-wf3-v2/web/index_dev.php/user/updateProfil,1506330855,,200
65b9ca,::1,GET,http://localhost/projet-wf3-v2/web/index_dev.php/user/updateProfil,1506330930,,200
0a2c17,::1,GET,http://localhost/projet-wf3-v2/web/index_dev.php/user/updateProfil,1506330933,,200
9f04cf,::1,GET,http://localhost/projet-wf3-v2/web/index_dev.php/user/updateProfil,1506330933,,200
963adb,::1,GET,http://localhost/projet-wf3-v2/web/index_dev.php/user/updateProfil,1506330966,,200
73b8de,::1,GET,http://localhost/projet-wf3-v2/web/index_dev.php/user/updateProfil,1506330984,,200
38b393,::1,GET,http://localhost/projet-wf3-v2/web/index_dev.php/user/updateProfil,1506330985,,200
43bc0a,::1,GET,http://localhost/projet-wf3-v2/web/index_dev.php/user/updateProfil,1506330985,,200
0f4645,::1,GET,http://localhost/projet-wf3-v2/web/index_dev.php/user/updateProfil,1506330986,,200
9399ca,::1,GET,http://localhost/projet-wf3-v2/web/index_dev.php/user/updateProfil,1506330989,,200
c1fb86,::1,GET,http://localhost/projet-wf3-v2/web/index_dev.php/user/updateProfil,1506330989,,200
9955b7,::1,GET,http://localhost/projet-wf3-v2/web/index_dev.php/user/updateProfil,1506331033,,200
63cf8a,::1,GET,http://localhost/projet-wf3-v2/web/index_dev.php/user/updateProfil,1506331107,,200
ff4453,::1,GET,http://localhost/projet-wf3-v2/web/index_dev.php/user/updateProfil,1506331150,,200
487a56,::1,GET,http://localhost/projet-wf3-v2/web/index_dev.php/user/updateProfil,1506331261,,200
8a3d53,::1,GET,http://localhost/projet-wf3-v2/web/index_dev.php/user/updateProfil,1506331321,,200
d818e9,::1,POST,http://localhost/projet-wf3-v2/web/index_dev.php/inscription/APIautoCompletion,1506331336,,200
d52580,::1,POST,http://localhost/projet-wf3-v2/web/index_dev.php/user/updateProfil,1506331340,,200
ba9054,::1,POST,http://localhost/projet-wf3-v2/web/index_dev.php/user/updateProfil,1506331618,,200
32ed8c,::1,GET,http://localhost/projet-wf3-v2/web/index_dev.php/user/profil/44,1506331627,,200
12211b,::1,GET,http://localhost/projet-wf3-v2/web/index_dev.php/user/profil/45,1506331657,,200
e355ce,::1,GET,http://localhost/projet-wf3-v2/web/index_dev.php/user/profil/45,1506331802,,200
744c71,::1,GET,http://localhost/projet-wf3-v2/web/index_dev.php/user/profil/44,1506331807,,200
d72f5a,::1,GET,http://localhost/projet-wf3-v2/web/index_dev.php/user/profil/44,1506332570,,500
aa6a3c,::1,GET,http://localhost/projet-wf3-v2/web/index_dev.php/user/profil/44,1506332620,,500
346767,::1,GET,http://localhost/projet-wf3-v2/web/index_dev.php/,1506333242,,200
06319e,::1,GET,http://localhost/projet-wf3-v2/web/index_dev.php/user/profil/44,1506333244,,500
7acaa1,::1,GET,http://localhost/projet-wf3-v2/web/index_dev.php/user/profil/44,1506333316,,500
46dce6,::1,GET,http://localhost/projet-wf3-v2/web/index_dev.php/user/profil/44,1506333339,,500
76404b,::1,GET,http://localhost/projet-wf3-v2/web/index_dev.php/user/profil/44,1506333388,,500
0ce72a,::1,GET,http://localhost/projet-wf3-v2/web/index_dev.php/user/profil/44,1506333397,,200
52ec8d,::1,GET,http://localhost/projet-wf3-v2/web/index_dev.php/user/profil/44,1506333444,,500
9bb3f5,::1,GET,http://localhost/projet-wf3-v2/web/index_dev.php/user/profil/44,1506333640,,200
7a7611,::1,GET,http://localhost/projet-wf3-v2/web/index_dev.php/user/profil/44,1506333690,,200
9df19b,::1,GET,http://localhost/projet-wf3-v2/web/index_dev.php/user/profil/author.html,1506333710,,404
1f9c09,::1,GET,http://localhost/projet-wf3-v2/web/index_dev.php/user/profil/author.html,1506333730,,404
03fc46,::1,GET,http://localhost/projet-wf3-v2/web/index_dev.php/user/profil/44,1506333733,,200
c73711,::1,GET,http://localhost/projet-wf3-v2/web/index_dev.php/user/profil/44,1506333736,,200
9a4ea1,::1,GET,http://localhost/projet-wf3-v2/web/index_dev.php/user/profil/44,1506333736,,200
1ee8fc,::1,GET,http://localhost/projet-wf3-v2/web/index_dev.php/user/profil/44,1506333737,,200
8139fa,::1,GET,http://localhost/projet-wf3-v2/web/index_dev.php/,1506335092,,200
4b1418,::1,GET,http://localhost/projet-wf3-v2/web/index_dev.php/user/profil/44,1506336043,,200
47b4c5,::1,GET,http://localhost/projet-wf3-v2/web/index_dev.php/user/profil/44,1506336140,,500
05ed85,::1,GET,http://localhost/projet-wf3-v2/web/index_dev.php/user/profil/44,1506336155,,500
c7842c,::1,GET,http://localhost/projet-wf3-v2/web/index_dev.php/user/profil/44,1506336251,,200
83a395,::1,GET,http://localhost/projet-wf3-v2/web/index_dev.php/user/profil/44,1506336732,,200
d89872,::1,GET,http://localhost/projet-wf3-v2/web/index_dev.php/user/profil/44,1506336812,,200
a14e8e,::1,GET,http://localhost/projet-wf3-v2/web/index_dev.php/user/profil/44,1506336821,,200
9f7707,::1,GET,http://localhost/projet-wf3-v2/web/index_dev.php/user/profil/44,1506336870,,200
ff436e,::1,GET,http://localhost/projet-wf3-v2/web/index_dev.php/user/profil/44,1506336885,,200
1db4c9,::1,GET,http://localhost/projet-wf3-v2/web/index_dev.php/user/profil/44,1506336925,,200
c19329,::1,GET,http://localhost/projet-wf3-v2/web/index_dev.php/user/profil/44,1506337142,,200
5c559b,::1,GET,http://localhost/projet-wf3-v2/web/index_dev.php/user/profil/44,1506337197,,200
da9fee,::1,GET,http://localhost/projet-wf3-v2/web/index_dev.php/user/profil/44,1506337230,,200
99b596,::1,GET,http://localhost/projet-wf3-v2/web/index_dev.php/user/profil/44,1506337285,,200
441542,::1,GET,http://localhost/projet-wf3-v2/web/index_dev.php/user/profil/44,1506337315,,200
a62005,::1,GET,http://localhost/projet-wf3-v2/web/index_dev.php/user/profil/44,1506337428,,200
5770e4,::1,GET,http://localhost/projet-wf3-v2/web/index_dev.php/user/profil/44,1506337510,,200
59d91e,::1,GET,http://localhost/projet-wf3-v2/web/index_dev.php/user/profil/44,1506337663,,200
6b72a1,::1,GET,http://localhost/projet-wf3-v2/web/index_dev.php/user/profil/44,1506337775,,200
c09b86,::1,GET,http://localhost/projet-wf3-v2/web/index_dev.php/user/profil/44,1506337847,,200
a14ac5,::1,GET,http://localhost/projet-wf3-v2/web/index_dev.php/user/profil/44,1506337917,,200
9b6438,::1,GET,http://localhost/projet-wf3-v2/web/index_dev.php/user/profil/44,1506338047,,200
4be384,::1,GET,http://localhost/projet-wf3-v2/web/index_dev.php/user/profil/44,1506338188,,200
2961e7,::1,GET,http://localhost/projet-wf3-v2/web/index_dev.php/user/LireMessage/1,1506338199,,500
a609d3,::1,GET,http://localhost/projet-wf3-v2/web/index_dev.php/user/LireMessage/43,1506338247,,500
9ebb59,::1,GET,http://localhost/projet-wf3-v2/web/index_dev.php/user/profil/44,1506338343,,200
10d4d7,::1,GET,http://localhost/projet-wf3-v2/web/index_dev.php/user/profil/43,1506338349,,200
5a6056,::1,GET,http://localhost/projet-wf3-v2/web/index_dev.php/user/profil/44,1506338495,,200
a54a5d,::1,GET,http://localhost/projet-wf3-v2/web/index_dev.php/user/profil/44,1506338650,,200
d30de9,::1,GET,http://localhost/projet-wf3-v2/web/index_dev.php/user/profil/44,1506338683,,200
e075c9,::1,GET,http://localhost/projet-wf3-v2/web/index_dev.php/user/profil/44,1506338706,,200
943c83,::1,GET,http://localhost/projet-wf3-v2/web/index_dev.php/user/profil/43,1506338718,,200
17e089,::1,GET,http://localhost/projet-wf3-v2/web/index_dev.php/user/profil/43,1506338725,,200
625e27,::1,GET,http://localhost/projet-wf3-v2/web/index_dev.php/user/profil/44,1506338820,,200
3d7f69,::1,GET,http://localhost/projet-wf3-v2/web/index_dev.php/user/profil/44,1506338860,,200
9349bd,::1,GET,http://localhost/projet-wf3-v2/web/index_dev.php/user/profil/45,1506338916,,200
e90bea,::1,GET,http://localhost/projet-wf3-v2/web/index_dev.php/user/profil/45,1506339205,,200
0307e8,::1,GET,http://localhost/projet-wf3-v2/web/index_dev.php/user/profil/45,1506339361,,200
6a186f,::1,GET,http://localhost/projet-wf3-v2/web/index_dev.php/user/profil/45,1506339396,,200
9fbb9f,::1,GET,http://localhost/projet-wf3-v2/web/index_dev.php/user/profil/45,1506339474,,200
3bde6a,::1,GET,http://localhost/projet-wf3-v2/web/index_dev.php/user/profil/45,1506339507,,200
1f49cd,::1,GET,http://localhost/projet-wf3-v2/web/index_dev.php/user/profil/45,1506339519,,200
3ceaf4,::1,GET,http://localhost/projet-wf3-v2/web/index_dev.php/user/profil/45,1506341574,,500
fbadbd,::1,GET,http://localhost/projet-wf3-v2/web/index_dev.php/user/profil/44,1506341587,,500
4fa98b,::1,GET,http://localhost/projet-wf3-v2/web/index_dev.php/,1506342430,,200
be5679,::1,GET,http://localhost/projet-wf3-v2/web/index_dev.php/messProfilToUs,1506342431,,200
a96a44,::1,GET,http://localhost/projet-wf3-v2/web/index_dev.php/user/profil/44,1506342701,,500
ae80de,::1,GET,http://localhost/projet-wf3-v2/web/index_dev.php/,1506343611,,200
125b83,::1,GET,http://localhost/projet-wf3-v2/web/index_dev.php/user/profil/44,1506344070,,200
110671,::1,GET,http://localhost/projet-wf3-v2/web/index_dev.php/user/profil/44,1506344104,,200
837b46,::1,GET,http://localhost/projet-wf3-v2/web/index_dev.php/user/profil/45,1506344117,,500
9fdc13,::1,GET,http://localhost/projet-wf3-v2/web/index_dev.php/user/profil/45,1506344281,,500
7e1838,::1,GET,http://localhost/projet-wf3-v2/web/index_dev.php/user/profil/44,1506344288,,200
136a93,::1,GET,http://localhost/projet-wf3-v2/web/index_dev.php/user/profil/44,1506344342,,500
ad572c,::1,GET,http://localhost/projet-wf3-v2/web/index_dev.php/user/profil/44,1506344354,,500
dadb21,::1,GET,http://localhost/projet-wf3-v2/web/index_dev.php/user/profil/44,1506344356,,500
21ecb8,::1,GET,http://localhost/projet-wf3-v2/web/index_dev.php/user/profil/44,1506344356,,500
54c54f,::1,GET,http://localhost/projet-wf3-v2/web/index_dev.php/user/profil/44,1506344376,,200
3938a1,::1,GET,http://localhost/projet-wf3-v2/web/index_dev.php/user/profil/44,1506344490,,200
6d7161,::1,GET,http://localhost/projet-wf3-v2/web/index_dev.php/user/profil/45,1506344508,,500
e7093b,::1,GET,http://localhost/projet-wf3-v2/web/index_dev.php/,1506344693,,200
5857be,::1,GET,http://localhost/projet-wf3-v2/web/index_dev.php/user/profil/44,1506344695,,200
cff7e9,::1,GET,http://localhost/projet-wf3-v2/web/index_dev.php/user/profil/45,1506344701,,200
2108e7,::1,GET,http://localhost/projet-wf3-v2/web/index_dev.php/user/profil/45,1506344875,,200
b9a19c,::1,GET,http://localhost/projet-wf3-v2/web/index_dev.php/user/profil/45,1506345059,,200
db946b,::1,GET,http://localhost/projet-wf3-v2/web/index_dev.php/user/profil/44,1506345063,,200
b958ce,::1,GET,http://localhost/projet-wf3-v2/web/index_dev.php/user/profil/45,1506345071,,200
230c99,::1,GET,http://localhost/projet-wf3-v2/web/index_dev.php/,1506345232,,200
188b99,::1,GET,http://localhost/projet-wf3-v2/web/index_dev.php/user/profil/44,1506345243,,200
100f0d,::1,GET,http://localhost/projet-wf3-v2/web/index_dev.php/user/profil/45,1506345270,,200
a01694,::1,GET,http://localhost/projet-wf3-v2/web/index_dev.php/user/profil/44,1506345533,,200
cf03f2,::1,GET,http://localhost/projet-wf3-v2/web/index_dev.php/user/profil/43,1506346199,,200
273297,::1,GET,http://localhost/projet-wf3-v2/web/index_dev.php/user/profil/43,1506346368,,200
7c8ab9,::1,GET,http://localhost/projet-wf3-v2/web/index_dev.php/,1506346784,,200
11fe91,::1,GET,http://localhost/projet-wf3-v2/web/index_dev.php/user/profil/44,1506346787,,200
fc3a2c,::1,GET,http://localhost/projet-wf3-v2/web/index_dev.php/user/profil/43,1506346796,,200
2ad8f9,::1,GET,http://localhost/projet-wf3-v2/web/index_dev.php/user/profil/43,1506346871,,200
e061b9,::1,GET,http://localhost/projet-wf3-v2/web/index_dev.php/user/profil/43,1506346986,,200
468cb8,::1,GET,http://localhost/projet-wf3-v2/web/index_dev.php/user/profil/43,1506347022,,200
4cce83,::1,GET,http://localhost/projet-wf3-v2/web/index_dev.php/user/profil/44,1506347719,,200
c99086,::1,GET,http://localhost/projet-wf3-v2/web/index_dev.php/user/profil/43,1506348014,,200
0d0e5d,::1,GET,http://localhost/projet-wf3-v2/web/index_dev.php/user/profil/43,1506348065,,200
b3e50e,::1,GET,http://localhost/projet-wf3-v2/web/index_dev.php/user/profil/43,1506348075,,200
c30bf8,::1,GET,http://localhost/projet-wf3-v2/web/index_dev.php/user/profil/43,1506348255,,200
5d0a1c,::1,GET,http://localhost/projet-wf3-v2/web/index_dev.php/user/profil/43,1506348279,,200
46c116,::1,POST,http://localhost/projet-wf3-v2/web/index_dev.php/user/envoyerNote,1506348284,,500
2fa163,::1,POST,http://localhost/projet-wf3-v2/web/index_dev.php/user/envoyerNote,1506348418,,500
85ce82,::1,GET,http://localhost/projet-wf3-v2/web/index_dev.php/user/profil/43,1506348547,,200
979bba,::1,GET,http://localhost/projet-wf3-v2/web/index_dev.php/user/profil/43,1506348756,,200
c76741,::1,GET,http://localhost/projet-wf3-v2/web/index_dev.php/user/profil/43,1506348801,,200
8b505f,::1,POST,http://localhost/projet-wf3-v2/web/index_dev.php/user/envoyerNote,1506349020,,500
ee69ee,::1,GET,http://localhost/projet-wf3-v2/web/index_dev.php/user/profil/43,1506349028,,200
4c98a9,::1,GET,http://localhost/projet-wf3-v2/web/index_dev.php/user/profil/45,1506349035,,200
5808f6,::1,POST,http://localhost/projet-wf3-v2/web/index_dev.php/user/envoyerNote,1506349043,,500
b358b8,::1,POST,http://localhost/projet-wf3-v2/web/index_dev.php/user/envoyerNote,1506349158,,500
ccb233,::1,GET,http://localhost/projet-wf3-v2/web/index_dev.php/user/profil/45,1506349167,,200
80fd75,::1,POST,http://localhost/projet-wf3-v2/web/index_dev.php/user/envoyerNote,1506349175,,500
7468a8,::1,GET,http://localhost/projet-wf3-v2/web/index_dev.php/user/profil/45,1506349234,,200
3e9ea9,::1,POST,http://localhost/projet-wf3-v2/web/index_dev.php/user/envoyerNote,1506349245,,500
877c00,::1,GET,http://localhost/projet-wf3-v2/web/index_dev.php/user/profil/45,1506349266,,200
33b6bf,::1,GET,http://localhost/projet-wf3-v2/web/index_dev.php/user/profil/45,1506349446,,200
1d3f59,::1,POST,http://localhost/projet-wf3-v2/web/index_dev.php/user/envoyerNote,1506349450,,500
feecb1,::1,GET,http://localhost/projet-wf3-v2/web/index_dev.php/user/profil/45,1506349479,,200
4b6324,::1,POST,http://localhost/projet-wf3-v2/web/index_dev.php/user/envoyerNote,1506349486,,500
f527f5,::1,GET,http://localhost/projet-wf3-v2/web/index_dev.php/user/profil/45,1506349552,,200
0f110e,::1,GET,http://localhost/projet-wf3-v2/web/index_dev.php/user/profil/45,1506349555,,200
43491e,::1,GET,http://localhost/projet-wf3-v2/web/index_dev.php/user/profil/44,1506349561,,200
6ca9ae,::1,GET,http://localhost/projet-wf3-v2/web/index_dev.php/user/profil/1,1506349581,,200
f02200,::1,POST,http://localhost/projet-wf3-v2/web/index_dev.php/user/envoyerNote,1506349593,,500
00e71a,::1,GET,http://localhost/projet-wf3-v2/web/index_dev.php/,1506349626,,200
43b085,::1,GET,http://localhost/projet-wf3-v2/web/index_dev.php/user/profil/44,1506349629,,200
34d8f3,::1,GET,http://localhost/projet-wf3-v2/web/index_dev.php/user/chronique,1506349638,,200
9d9086,::1,GET,http://localhost/projet-wf3-v2/web/index_dev.php/user/updateProfil,1506349642,,200
289f86,::1,GET,http://localhost/projet-wf3-v2/web/index_dev.php/user/profil/45,1506349679,,200
7f508d,::1,POST,http://localhost/projet-wf3-v2/web/index_dev.php/user/envoyerNote,1506349690,,500
d4f288,::1,GET,http://localhost/projet-wf3-v2/web/index_dev.php/user/profil/45,1506349750,,200
67b158,::1,GET,http://localhost/projet-wf3-v2/web/index_dev.php/user/profil/45,1506349754,,200
c0abdf,::1,GET,http://localhost/projet-wf3-v2/web/index_dev.php/user/profil/45,1506349774,,200
de6d58,::1,POST,http://localhost/projet-wf3-v2/web/index_dev.php/user/envoyerNote,1506350152,,500
af496f,::1,POST,http://localhost/projet-wf3-v2/web/index_dev.php/user/envoyerNote,1506350171,,500
9a05ba,::1,POST,http://localhost/projet-wf3-v2/web/index_dev.php/user/envoyerNote,1506350218,,500
d6c585,::1,GET,http://localhost/projet-wf3-v2/web/index_dev.php/user/profil/45,1506350326,,200
0e0de1,::1,GET,http://localhost/projet-wf3-v2/web/index_dev.php/user/profil/2,1506350340,,200
02466e,::1,GET,http://localhost/projet-wf3-v2/web/index_dev.php/user/profil/2,1506350359,,200
a78e58,::1,GET,http://localhost/projet-wf3-v2/web/index_dev.php/user/profil/2,1506351219,,200
a31993,::1,POST,http://localhost/projet-wf3-v2/web/index_dev.php/user/envoyerNote,1506351231,,500
0a83c2,::1,POST,http://localhost/projet-wf3-v2/web/index_dev.php/user/profil/2,1506351231,,200
1af241,::1,POST,http://localhost/projet-wf3-v2/web/index_dev.php/user/envoyerNote,1506351322,,500
7d4317,::1,POST,http://localhost/projet-wf3-v2/web/index_dev.php/user/envoyerNote,1506351325,,500
718dfd,::1,POST,http://localhost/projet-wf3-v2/web/index_dev.php/user/envoyerNote,1506351329,,500
d4fa22,::1,POST,http://localhost/projet-wf3-v2/web/index_dev.php/user/profil/2,1506351330,,200
4026cd,::1,POST,http://localhost/projet-wf3-v2/web/index_dev.php/user/envoyerNote,1506351337,,500
a62c27,::1,POST,http://localhost/projet-wf3-v2/web/index_dev.php/user/envoyerNote,1506351341,,500
e5a700,::1,POST,http://localhost/projet-wf3-v2/web/index_dev.php/user/profil/2,1506351341,,200
1e0553,::1,POST,http://localhost/projet-wf3-v2/web/index_dev.php/user/envoyerNote,1506351353,,500
a74ae7,::1,POST,http://localhost/projet-wf3-v2/web/index_dev.php/user/profil/2,1506351353,,200
d40576,::1,POST,http://localhost/projet-wf3-v2/web/index_dev.php/user/envoyerNote,1506351366,,500
1f33a2,::1,POST,http://localhost/projet-wf3-v2/web/index_dev.php/user/profil/2,1506351366,,200
24556d,::1,POST,http://localhost/projet-wf3-v2/web/index_dev.php/user/envoyerNote,1506351942,,500
29eda0,::1,POST,http://localhost/projet-wf3-v2/web/index_dev.php/user/profil/2,1506351942,,200
099ad7,::1,POST,http://localhost/projet-wf3-v2/web/index_dev.php/user/envoyerMessageInterne,1506352028,,500
c35fc9,::1,POST,http://localhost/projet-wf3-v2/web/index_dev.php/user/profil/2,1506352028,,200
9aae57,::1,POST,http://localhost/projet-wf3-v2/web/index_dev.php/user/envoyerMessageInterne,1506352106,,500
d99bbc,::1,POST,http://localhost/projet-wf3-v2/web/index_dev.php/user/profil/2,1506352107,,200
5e7526,::1,POST,http://localhost/projet-wf3-v2/web/index_dev.php/user/profil/2,1506352190,,200
9e8230,::1,POST,http://localhost/projet-wf3-v2/web/index_dev.php/user/profil/2,1506352249,,200
2e7566,::1,POST,http://localhost/projet-wf3-v2/web/index_dev.php/user/envoyerMessageInterne,1506352275,,500
f2605a,::1,POST,http://localhost/projet-wf3-v2/web/index_dev.php/user/envoyerMessageInterne,1506352289,,500
566800,::1,POST,http://localhost/projet-wf3-v2/web/index_dev.php/user/profil/2,1506352290,,200
b9ce43,::1,POST,http://localhost/projet-wf3-v2/web/index_dev.php/user/envoyerMessageInterne,1506352436,,500
b4035c,::1,POST,http://localhost/projet-wf3-v2/web/index_dev.php/user/profil/2,1506352437,,200
6d8b89,::1,POST,http://localhost/projet-wf3-v2/web/index_dev.php/user/profil/2,1506352444,,200
816f63,::1,POST,http://localhost/projet-wf3-v2/web/index_dev.php/user/profil/2,1506352447,,200
f41223,::1,POST,http://localhost/projet-wf3-v2/web/index_dev.php/user/envoyerMessageInterne,1506352453,,500
c6245a,::1,POST,http://localhost/projet-wf3-v2/web/index_dev.php/user/envoyerMessageInterne,1506352495,,500
5d8173,::1,POST,http://localhost/projet-wf3-v2/web/index_dev.php/user/profil/2,1506352714,,200
cbbc3a,::1,POST,http://localhost/projet-wf3-v2/web/index_dev.php/user/profil/2,1506352874,,200
ea6acc,::1,POST,http://localhost/projet-wf3-v2/web/index_dev.php/user/profil/2,1506353051,,200
8103ea,::1,POST,http://localhost/projet-wf3-v2/web/index_dev.php/user/profil/2,1506353091,,200
4d537e,::1,POST,http://localhost/projet-wf3-v2/web/index_dev.php/user/profil/2,1506353268,,200
91ceb2,::1,GET,http://localhost/projet-wf3-v2/web/index_dev.php/user/profil/3,1506353717,,200
93c8df,::1,GET,http://localhost/projet-wf3-v2/web/index_dev.php/user/profil/3,1506353732,,200
ae43f0,::1,GET,http://localhost/projet-wf3-v2/web/index_dev.php/user/profil/3,1506353976,,200
078a81,::1,GET,http://localhost/projet-wf3-v2/web/index_dev.php/user/profil/44,1506354233,,500
eeace6,::1,GET,http://localhost/projet-wf3-v2/web/index_dev.php/user/profil/44,1506354322,,500
2810f1,::1,GET,http://localhost/projet-wf3-v2/web/index_dev.php/user/profil/44,1506354324,,500
182781,::1,GET,http://localhost/projet-wf3-v2/web/index_dev.php/,1506354331,,200
3858bf,::1,GET,http://localhost/projet-wf3-v2/web/index_dev.php/user/profil/44,1506354334,,500
a5950d,::1,GET,http://localhost/projet-wf3-v2/web/index_dev.php/user/profil/44,1506354400,,200
55a73d,::1,GET,http://localhost/projet-wf3-v2/web/index_dev.php/user/updateProfil,1506354405,,200
24e153,::1,GET,http://localhost/projet-wf3-v2/web/index_dev.php/user/profil/44,1506354511,,200
7d895e,::1,GET,http://localhost/projet-wf3-v2/web/index_dev.php/user/profil/44,1506354556,,200
e63d15,::1,GET,http://localhost/projet-wf3-v2/web/index_dev.php/user/profil/44,1506354557,,200
14dbb9,::1,GET,http://localhost/projet-wf3-v2/web/index_dev.php/user/profil/44,1506354836,,200
239492,::1,GET,http://localhost/projet-wf3-v2/web/index_dev.php/user/profil/44,1506354923,,200
8f10f8,::1,GET,http://localhost/projet-wf3-v2/web/index_dev.php/user/profil/44,1506354938,,200
9097df,::1,GET,http://localhost/projet-wf3-v2/web/index_dev.php/user/profil/44,1506354987,,500
b0696f,::1,GET,http://localhost/projet-wf3-v2/web/index_dev.php/user/profil/44,1506355008,,200
ab5cd8,::1,GET,http://localhost/projet-wf3-v2/web/index_dev.php/user/profil/44,1506355272,,200
d8e444,::1,GET,http://localhost/projet-wf3-v2/web/index_dev.php/user/profil/46,1506355320,,200
01bb61,::1,GET,http://localhost/projet-wf3-v2/web/index_dev.php/user/profil/44,1506355332,,200
8b9d71,::1,GET,http://localhost/projet-wf3-v2/web/index_dev.php/user/profil/44,1506355346,,200
b7941e,::1,GET,http://localhost/projet-wf3-v2/web/index_dev.php/user/profil/46,1506355370,,200
97b498,::1,GET,http://localhost/projet-wf3-v2/web/index_dev.php/user/profil/46,1506355380,,200
691587,::1,GET,http://localhost/projet-wf3-v2/web/index_dev.php/user/profil/46,1506355521,,200
9000ad,::1,GET,http://localhost/projet-wf3-v2/web/index_dev.php/user/profil/46,1506355889,,200
688a1a,::1,GET,http://localhost/projet-wf3-v2/web/index_dev.php/user/profil/46,1506355905,,200
5a4128,::1,GET,http://localhost/projet-wf3-v2/web/index_dev.php/user/profil/46,1506355906,,200
5258ec,::1,GET,http://localhost/projet-wf3-v2/web/index_dev.php/user/profil/46,1506355933,,200
1e1c3a,::1,GET,http://localhost/projet-wf3-v2/web/index_dev.php/deconnexion,1506355944,,302
fbad90,::1,GET,http://localhost/projet-wf3-v2/web/index_dev.php/,1506355944,,200
590fa3,::1,GET,http://localhost/projet-wf3-v2/web/index_dev.php/connexion,1506355976,,200
50e3a7,::1,POST,http://localhost/projet-wf3-v2/web/index_dev.php/connexion,1506356008,,302
6dd335,::1,GET,http://localhost/projet-wf3-v2/web/index_dev.php/,1506356008,,200
ba64a6,::1,GET,http://localhost/projet-wf3-v2/web/index_dev.php/user/profil/46,1506356012,,200
277ae6,::1,GET,http://localhost/projet-wf3-v2/web/index_dev.php/user/profil/44,1506356394,,200
eda15d,::1,GET,http://localhost/projet-wf3-v2/web/index_dev.php/deconnexion,1506357986,,302
0b245e,::1,GET,http://localhost/projet-wf3-v2/web/index_dev.php/,1506357987,,200
ea7430,::1,GET,http://localhost/projet-wf3-v2/web/index_dev.php/inscription,1506357997,,200
